date,duolingo.com,keep.google.com,facebook.com,slack.com,messenger.com,wiktionary.org,wikipedia.org,twitter.com,docs.google.com,google.com,reddit.com,nih.gov,photos.google.com,mail.google.com,spotify.com,whatsapp.com,psychonautwiki.org,sci-hub.ac,total domains,total time
2017-10-10,3,0,0,0,0,0,0,0,0,0,0,0,0,0,0,0,0,0,25,3
2017-10-11,718,2961,3281,725,0,959,268,124,0,0,137,0,0,0,0,116,0,0,87,12754
2017-10-12,1269,936,5224,1535,0,572,140,274,78,2,69,0,173,0,0,668,0,0,93,12711
2017-10-13,828,531,5052,831,0,490,55,0,0,0,0,0,0,0,0,28,0,0,95,8090
2017-10-14,2303,4010,6143,2508,401,827,733,720,0,1,152,47,73,0,180,460,0,0,116,21005
2017-10-15,1516,2477,11777,4797,10,416,72,36,874,1,694,4,0,224,91,356,0,0,77,27228
2017-10-16,2551,2725,4736,2721,4085,590,1736,1310,0,0,0,302,0,0,0,50,51,0,45,22132
2017-10-17,1170,2995,2091,101,434,76,833,195,0,1,0,0,0,0,0,85,0,0,55,8982
2017-10-18,2167,3992,4173,1530,0,0,0,72,0,0,0,0,0,0,0,37,0,0,69,14928
2017-10-19,2231,1691,8533,1997,0,0,438,228,0,0,507,0,183,0,47,0,326,0,105,19765
2017-10-20,2202,5526,3765,2720,2303,27,268,982,0,0,70,64,0,0,277,0,175,0,121,21668
2017-10-21,1487,840,10040,4570,7995,7,3899,802,0,0,858,590,0,11,15,0,0,0,148,37017
2017-10-22,1134,3210,6551,2437,1060,107,110,232,206,0,167,44,357,0,40,595,0,0,88,28313
2017-10-23,868,115,298,0,3,423,0,0,0,2,0,2,0,0,0,3,0,0,91,2477
2017-10-24,824,870,5620,367,0,161,0,184,0,0,101,0,182,170,0,167,0,0,100,13383
2017-10-25,1136,1269,10297,2616,6464,609,581,238,0,1,85,281,214,127,0,0,0,152,54,33524
2017-10-26,886,1973,5504,1434,0,7,674,876,15,0,251,86,84,196,305,0,0,0,91,22275
2017-10-27,689,938,10861,4943,282,59,2051,1004,0,0,2091,1041,70,166,0,282,72,0,156,32611
2017-10-28,685,2762,9593,1981,1778,95,143,1966,330,7,58,316,131,25,139,267,252,0,171,31483
2017-10-29,801,1783,3699,7054,665,485,124,742,2,2,212,46,0,0,0,109,80,0,179,20576
2017-10-30,976,1358,1596,732,479,277,24,307,0,1,291,81,87,38,231,195,13,0,182,12257
2017-10-31,761,1875,3684,2841,2715,101,486,2113,7,3,442,46,421,109,36,84,251,0,210,27593
2017-11-01,575,877,4005,3320,5271,0,1980,534,4574,5,435,0,203,75,31,0,326,0,245,36855
2017-11-02,649,1721,3315,2032,3690,11,1047,2060,3090,3,1227,772,147,29,155,0,555,482,284,32234
2017-11-03,690,843,3973,4111,624,55,463,374,3929,12,172,79,36,352,0,0,232,0,303,24918
2017-11-04,715,1634,1887,552,295,12,77,897,3528,0,36,173,81,0,0,0,852,68,312,15460
2017-11-05,774,1050,5182,2247,3001,243,3230,140,1204,3,904,535,419,0,177,211,253,964,347,38337
2017-11-06,599,1523,2420,994,1033,194,303,102,183,1,261,61,26,0,0,0,319,0,363,20950
2017-11-07,550,556,3452,2613,736,52,130,0,4,0,484,46,376,0,7,0,144,0,368,17762
2017-11-08,561,376,6221,3230,31,348,928,374,0,0,231,24,67,0,0,0,59,0,414,31324
2017-11-09,814,885,5250,1216,1513,196,19,0,6412,2,247,126,48,108,275,0,0,0,421,28180
2017-11-10,0,399,6082,4400,0,2,525,0,30397,0,0,32,77,0,36,0,0,0,428,44559
2017-11-11,23,1057,6113,726,1235,2,0,44,10370,0,116,0,93,0,1,0,0,0,46,23958
2017-11-12,0,695,11162,1200,1309,27,679,829,3320,1,535,189,0,47,0,0,404,82,85,33687
2017-11-13,0,782,3675,3034,785,0,772,46,31662,0,0,0,0,0,0,0,0,0,98,47531
2017-11-14,0,82,2860,219,946,0,0,0,465,4,0,0,93,173,0,0,0,0,105,6268
